timestamp,project_name,run_id,experiment_id,duration,emissions,emissions_rate,cpu_power,gpu_power,ram_power,cpu_energy,gpu_energy,ram_energy,energy_consumed,water_consumed,country_name,country_iso_code,region,cloud_provider,cloud_region,os,python_version,codecarbon_version,cpu_count,cpu_model,gpu_count,gpu_model,longitude,latitude,ram_total_size,tracking_mode,on_cloud,pue,wue
2025-12-07T18:30:42,chatservice-conversation,59dc95f7-eb7a-4977-94d1-d061f8b3e58c,5b0fa12a-3dd7-45bb-9766-cc326314d9f1,3.049942600002396,1.6427249253462617e-05,5.386084726135407e-06,42.5,0.0,10.0,3.600527159723142e-05,0.0,8.456026666681282e-06,4.44612982639127e-05,0.0,United States,USA,,,,Windows-10-10.0.26100-SP0,3.10.0,3.0.8,28,Intel(R) Core(TM) i7-14700,1,1 x GeForce GT 610,,,63.69175338745117,process,N,1.0,0.0
2025-12-07T18:31:07,chatservice-conversation,59dc95f7-eb7a-4977-94d1-d061f8b3e58c,5b0fa12a-3dd7-45bb-9766-cc326314d9f1,27.35300489999645,0.0001473660928624,5.387565037231766e-06,42.5,0.0,10.0,0.0003229153352776,0.0,7.593950083335384e-05,0.000398854836111,0.0,United States,USA,,,,Windows-10-10.0.26100-SP0,3.10.0,3.0.8,28,Intel(R) Core(TM) i7-14700,1,1 x GeForce GT 610,,,63.69175338745117,process,N,1.0,0.0
2025-12-07T18:31:17,chatservice-conversation,59dc95f7-eb7a-4977-94d1-d061f8b3e58c,5b0fa12a-3dd7-45bb-9766-cc326314d9f1,38.092765299996245,0.0002052273157335,5.3875667496782585e-06,42.5,0.0,10.0,0.0004497033646526,0.0,0.0001057562108333,0.000555459575486,0.0,United States,USA,,,,Windows-10-10.0.26100-SP0,3.10.0,3.0.8,28,Intel(R) Core(TM) i7-14700,1,1 x GeForce GT 610,,,63.69175338745117,process,N,1.0,0.0
2025-12-07T18:31:32,chatservice-conversation,59dc95f7-eb7a-4977-94d1-d061f8b3e58c,5b0fa12a-3dd7-45bb-9766-cc326314d9f1,53.0838739000028,0.000285994888888,5.387603953448584e-06,42.5,0.0,10.0,0.0006266806073609,0.0,0.0001473810666666,0.0007740616740276,0.0,United States,USA,,,,Windows-10-10.0.26100-SP0,3.10.0,3.0.8,28,Intel(R) Core(TM) i7-14700,1,1 x GeForce GT 610,,,63.69175338745117,process,N,1.0,0.0
2025-12-07T18:41:59,chatservice-conversation,47a728b8-90bc-4650-bb53-c38b489870bd,5b0fa12a-3dd7-45bb-9766-cc326314d9f1,1.9813572999992173,1.0668258592653337e-05,5.384318412765607e-06,42.5,0.0,10.0,2.338828597232552e-05,0.0,5.485971666672008e-06,2.887425763899753e-05,0.0,United States,USA,,,,Windows-10-10.0.26100-SP0,3.10.0,3.0.8,28,Intel(R) Core(TM) i7-14700,1,1 x GeForce GT 610,,,63.69175338745117,process,N,1.0,0.0
2025-12-07T18:43:44,chatservice-conversation,47a728b8-90bc-4650-bb53-c38b489870bd,5b0fa12a-3dd7-45bb-9766-cc326314d9f1,106.44293299999843,0.0005735152806826,5.388007118168166e-06,42.5,0.0,10.0,0.0012566140797222,0.0,0.0002956381299999,0.0015522522097221,0.0,United States,USA,,,,Windows-10-10.0.26100-SP0,3.10.0,3.0.8,28,Intel(R) Core(TM) i7-14700,1,1 x GeForce GT 610,,,63.69175338745117,process,N,1.0,0.0
2025-12-07T18:44:18,chatservice-conversation,47a728b8-90bc-4650-bb53-c38b489870bd,5b0fa12a-3dd7-45bb-9766-cc326314d9f1,140.91323920000286,0.0007592375308492,5.387978696392539e-06,42.5,0.0,10.0,0.0016635542052776,0.0,0.0003913659941666,0.0020549201994442,0.0,United States,USA,,,,Windows-10-10.0.26100-SP0,3.10.0,3.0.8,28,Intel(R) Core(TM) i7-14700,1,1 x GeForce GT 610,,,63.69175338745117,process,N,1.0,0.0
2025-12-07T19:40:19,chatservice-conversation,e477d7de-165b-48e5-adf6-86ba14250681,5b0fa12a-3dd7-45bb-9766-cc326314d9f1,2.722208299994236,1.466128041257043e-05,5.385804022639073e-06,42.5,0.0,10.0,3.213610111106391e-05,0.0,7.545500555554301e-06,3.968160166661821e-05,0.0,United States,USA,,,,Windows-10-10.0.26100-SP0,3.10.0,3.0.8,28,Intel(R) Core(TM) i7-14700,1,1 x GeForce GT 610,,,63.69175338745117,process,N,1.0,0.0
2025-12-07T19:40:31,chatservice-conversation,e477d7de-165b-48e5-adf6-86ba14250681,5b0fa12a-3dd7-45bb-9766-cc326314d9f1,14.853293799998935,8.001673576859186e-05,5.387137482502203e-06,42.5,0.0,10.0,0.0001753491243749,0.0,4.12207894444388e-05,0.0002165699138193,0.0,United States,USA,,,,Windows-10-10.0.26100-SP0,3.10.0,3.0.8,28,Intel(R) Core(TM) i7-14700,1,1 x GeForce GT 610,,,63.69175338745117,process,N,1.0,0.0
2025-12-07T19:45:01,chatservice-conversation,ec675fc9-707b-45dc-a862-167050898622,5b0fa12a-3dd7-45bb-9766-cc326314d9f1,2.8224189000029583,1.5199367419446049e-05,5.385227337951187e-06,42.5,0.0,10.0,3.3319191319525195e-05,0.0,7.818773888882585e-06,4.113796520840778e-05,0.0,United States,USA,,,,Windows-10-10.0.26100-SP0,3.10.0,3.0.8,28,Intel(R) Core(TM) i7-14700,1,1 x GeForce GT 610,,,63.69175338745117,process,N,1.0,0.0
2025-12-07T19:50:27,chatservice-conversation,56d22a81-02af-475e-8533-453958837d94,5b0fa12a-3dd7-45bb-9766-cc326314d9f1,2.879398699995363,1.5506965391889822e-05,5.385487390792666e-06,42.5,0.0,10.0,3.3991824652770855e-05,0.0,7.978672222210056e-06,4.197049687498091e-05,0.0,United States,USA,,,,Windows-10-10.0.26100-SP0,3.10.0,3.0.8,28,Intel(R) Core(TM) i7-14700,1,1 x GeForce GT 610,,,63.69175338745117,process,N,1.0,0.0
2025-12-08T20:33:21,chatservice-conversation,a9f6e84c-3c9c-4e2d-9032-02cc2bb9940f,5b0fa12a-3dd7-45bb-9766-cc326314d9f1,2.9723931000007724,1.5997820253295444e-05,5.382134769890055e-06,42.5,0.0,10.0,3.508764111109789e-05,0.0,8.211382777780172e-06,4.329902388887807e-05,0.0,United States,USA,,,,Windows-10-10.0.26100-SP0,3.10.0,3.0.8,28,Intel(R) Core(TM) i7-14700,1,1 x GeForce GT 610,,,63.69175338745117,process,N,1.0,0.0
2025-12-08T20:44:07,chatservice-conversation,b117ff35-5bd6-4040-8775-404b08ddf07b,5b0fa12a-3dd7-45bb-9766-cc326314d9f1,2.994581400002062,1.6123726183296595e-05,5.384300518024153e-06,42.5,0.0,10.0,3.534878472221913e-05,0.0,8.291010833333228e-06,4.363979555555236e-05,0.0,United States,USA,,,,Windows-10-10.0.26100-SP0,3.10.0,3.0.8,28,Intel(R) Core(TM) i7-14700,1,1 x GeForce GT 610,,,63.69175338745117,process,N,1.0,0.0
2025-12-08T21:03:49,chatservice-conversation,48c60c54-4fd4-4842-b014-b415703735ec,5b0fa12a-3dd7-45bb-9766-cc326314d9f1,4.930551400000695,2.656016679337537e-05,5.386855270055927e-06,42.5,0.0,10.0,5.820685250003206e-05,0.0,1.3679771944447972e-05,7.188662444448003e-05,0.0,United States,USA,,,,Windows-10-10.0.26100-SP0,3.10.0,3.0.8,28,Intel(R) Core(TM) i7-14700,1,1 x GeForce GT 610,,,63.69175338745117,process,N,1.0,0.0
2025-12-08T21:09:19,chatservice-conversation,0e17f588-c17a-4298-9f3a-b373bac8782a,5b0fa12a-3dd7-45bb-9766-cc326314d9f1,6.060747399998945,3.264919008382683e-05,5.386990733821461e-06,42.5,0.0,10.0,7.15491738194588e-05,0.0,1.6817743611116183e-05,8.836691743057499e-05,0.0,United States,USA,,,,Windows-10-10.0.26100-SP0,3.10.0,3.0.8,28,Intel(R) Core(TM) i7-14700,1,1 x GeForce GT 610,,,63.69175338745117,process,N,1.0,0.0
2025-12-08T21:10:43,chatservice-conversation,69c4f4cf-e62c-47eb-bead-2475a60d4711,5b0fa12a-3dd7-45bb-9766-cc326314d9f1,8.992741599999135,4.844740183044536e-05,5.387389517613851e-06,42.5,0.0,10.0,0.0001061630249305,0.0,2.4962664444440937e-05,0.0001311256893749,0.0,United States,USA,,,,Windows-10-10.0.26100-SP0,3.10.0,3.0.8,28,Intel(R) Core(TM) i7-14700,1,1 x GeForce GT 610,,,63.69175338745117,process,N,1.0,0.0
2025-12-08T21:19:16,chatservice-conversation,8d1206fc-5c5a-4a9e-b0da-b99a7670363b,5b0fa12a-3dd7-45bb-9766-cc326314d9f1,4.879251199999999,2.628222210808841e-05,5.386527774607796e-06,42.5,0.0,10.0,5.760112361113493e-05,0.0,1.353322750001098e-05,7.113435111114591e-05,0.0,United States,USA,,,,Windows-10-10.0.26100-SP0,3.10.0,3.0.8,28,Intel(R) Core(TM) i7-14700,1,1 x GeForce GT 610,,,63.69175338745117,process,N,1.0,0.0
2025-12-08T21:25:51,chatservice-conversation,cf2d214b-dd24-4f3e-a4c8-8bff743243e4,5b0fa12a-3dd7-45bb-9766-cc326314d9f1,4.614383000000089,2.485610669443728e-05,5.386658778527227e-06,42.5,0.0,10.0,5.447428409723014e-05,0.0,1.2800203333346062e-05,6.72744874305762e-05,0.0,United States,USA,,,,Windows-10-10.0.26100-SP0,3.10.0,3.0.8,28,Intel(R) Core(TM) i7-14700,1,1 x GeForce GT 610,,,63.69175338745117,process,N,1.0,0.0
2025-12-08T21:37:37,chatservice-conversation,c5c05ca6-1bc9-4739-82e4-d20d8eb4f3dc,5b0fa12a-3dd7-45bb-9766-cc326314d9f1,2.7771589000039967,1.4956374418120356e-05,5.385494657183222e-06,42.5,0.0,10.0,3.278438312506498e-05,0.0,7.695907500015488e-06,4.048029062508047e-05,0.0,United States,USA,,,,Windows-10-10.0.26100-SP0,3.10.0,3.0.8,28,Intel(R) Core(TM) i7-14700,1,1 x GeForce GT 610,,,63.69175338745117,process,N,1.0,0.0
2025-12-08T21:38:06,chatservice-conversation,c5c05ca6-1bc9-4739-82e4-d20d8eb4f3dc,5b0fa12a-3dd7-45bb-9766-cc326314d9f1,32.17069679999986,0.0001733264437942,5.387711832038764e-06,42.5,0.0,10.0,0.0003797905470834,0.0,8.932747722224627e-05,0.0004691180243056,0.0,United States,USA,,,,Windows-10-10.0.26100-SP0,3.10.0,3.0.8,28,Intel(R) Core(TM) i7-14700,1,1 x GeForce GT 610,,,63.69175338745117,process,N,1.0,0.0
2025-12-08T21:38:59,chatservice-conversation,3a67b502-fd5c-4661-8ec0-40f3c0fd041c,5b0fa12a-3dd7-45bb-9766-cc326314d9f1,5.100797499995679,2.747693414430628e-05,5.386791799582232e-06,42.5,0.0,10.0,6.02166656943963e-05,0.0,1.4151242499994824e-05,7.436790819439113e-05,0.0,United States,USA,,,,Windows-10-10.0.26100-SP0,3.10.0,3.0.8,28,Intel(R) Core(TM) i7-14700,1,1 x GeForce GT 610,,,63.69175338745117,process,N,1.0,0.0
2025-12-08T21:45:50,chatservice-conversation,a267cef1-aa02-448a-b129-0365a9a2ff89,5b0fa12a-3dd7-45bb-9766-cc326314d9f1,3.710359000004246,1.998332014180832e-05,5.385818499445863e-06,42.5,0.0,10.0,4.38006310416616e-05,0.0,1.0285378333335555e-05,5.4086009374997154e-05,0.0,United States,USA,,,,Windows-10-10.0.26100-SP0,3.10.0,3.0.8,28,Intel(R) Core(TM) i7-14700,1,1 x GeForce GT 610,,,63.69175338745117,process,N,1.0,0.0
2025-12-08T21:47:17,chatservice-conversation,2e25ec6f-bd94-464e-b043-f4d049c682eb,5b0fa12a-3dd7-45bb-9766-cc326314d9f1,2.8953168999942136,1.5592957692507277e-05,5.3855789300778925e-06,42.5,0.0,10.0,3.417974666663718e-05,0.0,8.023493333328386e-06,4.220323999996557e-05,0.0,United States,USA,,,,Windows-10-10.0.26100-SP0,3.10.0,3.0.8,28,Intel(R) Core(TM) i7-14700,1,1 x GeForce GT 610,,,63.69175338745117,process,N,1.0,0.0
2025-12-08T21:49:26,chatservice-conversation,2afb78f5-9b71-4b28-a1a3-19c21d761bf7,5b0fa12a-3dd7-45bb-9766-cc326314d9f1,6.275102799998422,3.380392044606689e-05,5.386990703335631e-06,42.5,0.0,10.0,7.407996736107836e-05,0.0,1.74122944444308e-05,9.149226180550915e-05,0.0,United States,USA,,,,Windows-10-10.0.26100-SP0,3.10.0,3.0.8,28,Intel(R) Core(TM) i7-14700,1,1 x GeForce GT 610,,,63.69175338745117,process,N,1.0,0.0
2025-12-08T21:51:04,chatservice-conversation,60c3a7e2-801f-43a9-8a41-8f016ec734a8,5b0fa12a-3dd7-45bb-9766-cc326314d9f1,2.6299934000053327,1.4163026495176346e-05,5.385194691039008e-06,42.5,0.0,10.0,3.10471106250538e-05,0.0,7.285938055570619e-06,3.833304868062442e-05,0.0,United States,USA,,,,Windows-10-10.0.26100-SP0,3.10.0,3.0.8,28,Intel(R) Core(TM) i7-14700,1,1 x GeForce GT 610,,,63.69175338745117,process,N,1.0,0.0
2025-12-08T21:52:44,chatservice-conversation,a144d125-59c5-4d2d-bcf0-618909726161,5b0fa12a-3dd7-45bb-9766-cc326314d9f1,12.572125300001062,6.773361004018797e-05,5.387602209165243e-06,42.5,0.0,10.0,0.0001484198517361,0.0,3.4905073333336784e-05,0.0001833249250694,0.0,United States,USA,,,,Windows-10-10.0.26100-SP0,3.10.0,3.0.8,28,Intel(R) Core(TM) i7-14700,1,1 x GeForce GT 610,,,63.69175338745117,process,N,1.0,0.0
2025-12-08T21:53:08,chatservice-conversation,a144d125-59c5-4d2d-bcf0-618909726161,5b0fa12a-3dd7-45bb-9766-cc326314d9f1,36.20358610000403,0.0001950569758899,5.387780518514628e-06,42.5,0.0,10.0,0.0004274014967361,0.0,0.0001005314669444,0.0005279329636806,0.0,United States,USA,,,,Windows-10-10.0.26100-SP0,3.10.0,3.0.8,28,Intel(R) Core(TM) i7-14700,1,1 x GeForce GT 610,,,63.69175338745117,process,N,1.0,0.0
2025-12-08T21:53:52,chatservice-conversation,a144d125-59c5-4d2d-bcf0-618909726161,5b0fa12a-3dd7-45bb-9766-cc326314d9f1,81.00467860000208,0.0004364451742186,5.387900819578946e-06,42.5,0.0,10.0,0.0009563023564583,0.0,0.0002249616986111,0.0011812640550694,0.0,United States,USA,,,,Windows-10-10.0.26100-SP0,3.10.0,3.0.8,28,Intel(R) Core(TM) i7-14700,1,1 x GeForce GT 610,,,63.69175338745117,process,N,1.0,0.0
2025-12-08T21:55:41,chatservice-conversation,a144d125-59c5-4d2d-bcf0-618909726161,5b0fa12a-3dd7-45bb-9766-cc326314d9f1,189.78448919999937,0.0010225601858921,5.388007155919799e-06,42.5,0.0,10.0,0.0022405074409027,0.0,0.0005271107230555,0.0027676181639583,0.0,United States,USA,,,,Windows-10-10.0.26100-SP0,3.10.0,3.0.8,28,Intel(R) Core(TM) i7-14700,1,1 x GeForce GT 610,,,63.69175338745117,process,N,1.0,0.0
2025-12-08T21:56:03,chatservice-conversation,a144d125-59c5-4d2d-bcf0-618909726161,5b0fa12a-3dd7-45bb-9766-cc326314d9f1,211.0429497000005,0.0011370934448359,5.387971720696331e-06,42.5,0.0,10.0,0.0024914740055556,0.0,0.0005861350344444,0.00307760904,0.0,United States,USA,,,,Windows-10-10.0.26100-SP0,3.10.0,3.0.8,28,Intel(R) Core(TM) i7-14700,1,1 x GeForce GT 610,,,63.69175338745117,process,N,1.0,0.0
2025-12-08T21:58:17,chatservice-conversation,b643a8cb-9482-43ef-ad8e-1988412b5a1d,5b0fa12a-3dd7-45bb-9766-cc326314d9f1,2.777138899997226,1.4957141125876018e-05,5.3858095199671e-06,42.5,0.0,10.0,3.278453187499508e-05,0.0,7.69783388887946e-06,4.048236576387454e-05,0.0,United States,USA,,,,Windows-10-10.0.26100-SP0,3.10.0,3.0.8,28,Intel(R) Core(TM) i7-14700,1,1 x GeForce GT 610,,,63.69175338745117,process,N,1.0,0.0
2025-12-08T22:02:18,chatservice-conversation,ffd58656-f609-4622-b1ab-60996551dea5,5b0fa12a-3dd7-45bb-9766-cc326314d9f1,3.169119699996372,1.7069177698907193e-05,5.386094346302771e-06,42.5,0.0,10.0,3.7412186875003e-05,0.0,8.786527777778651e-06,4.619871465278165e-05,0.0,United States,USA,,,,Windows-10-10.0.26100-SP0,3.10.0,3.0.8,28,Intel(R) Core(TM) i7-14700,1,1 x GeForce GT 610,,,63.69175338745117,process,N,1.0,0.0
2025-12-08T22:05:27,chatservice-conversation,a6d18d6e-34ed-4302-9194-4f894d0dcd5f,5b0fa12a-3dd7-45bb-9766-cc326314d9f1,3.173752399998193,1.7093691462713063e-05,5.385956214707485e-06,42.5,0.0,10.0,3.746577701385832e-05,0.0,8.79928555556641e-06,4.626506256942473e-05,0.0,United States,USA,,,,Windows-10-10.0.26100-SP0,3.10.0,3.0.8,28,Intel(R) Core(TM) i7-14700,1,1 x GeForce GT 610,,,63.69175338745117,process,N,1.0,0.0
2025-12-08T22:06:44,chatservice-conversation,96886a16-b79f-4575-a3cd-3e4d8fa50aed,5b0fa12a-3dd7-45bb-9766-cc326314d9f1,2.86228950000077,1.5413709431676958e-05,5.385097989449638e-06,42.5,0.0,10.0,3.3789498680496566e-05,0.0,7.928595555555754e-06,4.171809423605232e-05,0.0,United States,USA,,,,Windows-10-10.0.26100-SP0,3.10.0,3.0.8,28,Intel(R) Core(TM) i7-14700,1,1 x GeForce GT 610,,,63.69175338745117,process,N,1.0,0.0
2025-12-08T22:09:07,chatservice-conversation,ffa1d3b3-0a8e-4454-815e-ad2276b36803,5b0fa12a-3dd7-45bb-9766-cc326314d9f1,3.061480999997002,1.6488706109385032e-05,5.38585936329547e-06,42.5,0.0,10.0,3.6141406180558994e-05,0.0,8.48622861111734e-06,4.4627634791676335e-05,0.0,United States,USA,,,,Windows-10-10.0.26100-SP0,3.10.0,3.0.8,28,Intel(R) Core(TM) i7-14700,1,1 x GeForce GT 610,,,63.69175338745117,process,N,1.0,0.0
2025-12-08T22:09:58,chatservice-conversation,faa3418d-56ae-4214-9276-61e1934f9eb5,5b0fa12a-3dd7-45bb-9766-cc326314d9f1,4.172683099997812,2.2472646685880675e-05,5.385658615170766e-06,42.5,0.0,10.0,4.925918701388684e-05,0.0,1.1564328333325747e-05,6.082351534721259e-05,0.0,United States,USA,,,,Windows-10-10.0.26100-SP0,3.10.0,3.0.8,28,Intel(R) Core(TM) i7-14700,1,1 x GeForce GT 610,,,63.69175338745117,process,N,1.0,0.0
2025-12-08T22:10:37,chatservice-conversation,0b1fedc3-9f2b-4782-a7b7-821cdc8366f6,5b0fa12a-3dd7-45bb-9766-cc326314d9f1,3.872047500000917,2.085627546139744e-05,5.3863687006402936e-06,42.5,0.0,10.0,4.571053972220196e-05,0.0,1.0738173611106402e-05,5.644871333330836e-05,0.0,United States,USA,,,,Windows-10-10.0.26100-SP0,3.10.0,3.0.8,28,Intel(R) Core(TM) i7-14700,1,1 x GeForce GT 610,,,63.69175338745117,process,N,1.0,0.0
2025-12-08T22:12:24,chatservice-conversation,0d5b559a-ef3f-4c0f-881d-6bfded3f0b66,5b0fa12a-3dd7-45bb-9766-cc326314d9f1,2.946505600004457,1.5869334503761326e-05,5.38581515125487e-06,42.5,0.0,10.0,3.478409784727572e-05,0.0,8.167171944458258e-06,4.295126979173397e-05,0.0,United States,USA,,,,Windows-10-10.0.26100-SP0,3.10.0,3.0.8,28,Intel(R) Core(TM) i7-14700,1,1 x GeForce GT 610,,,63.69175338745117,process,N,1.0,0.0
2025-12-08T22:21:52,chatservice-conversation,0d5b559a-ef3f-4c0f-881d-6bfded3f0b66,5b0fa12a-3dd7-45bb-9766-cc326314d9f1,570.5642616000041,0.0030742704278408,5.388123012156041e-06,42.5,0.0,10.0,0.0067358258452777,0.0,0.0015848645105555,0.0083206903558333,0.0,United States,USA,,,,Windows-10-10.0.26100-SP0,3.10.0,3.0.8,28,Intel(R) Core(TM) i7-14700,1,1 x GeForce GT 610,,,63.69175338745117,process,N,1.0,0.0
2025-12-08T22:22:11,chatservice-conversation,0d5b559a-ef3f-4c0f-881d-6bfded3f0b66,5b0fa12a-3dd7-45bb-9766-cc326314d9f1,589.8093337000028,0.0031779593661995,5.388113047081702e-06,42.5,0.0,10.0,0.0069630237678471,0.0,0.0016383066844444,0.0086013304522916,0.0,United States,USA,,,,Windows-10-10.0.26100-SP0,3.10.0,3.0.8,28,Intel(R) Core(TM) i7-14700,1,1 x GeForce GT 610,,,63.69175338745117,process,N,1.0,0.0
2025-12-08T22:22:23,chatservice-conversation,0d5b559a-ef3f-4c0f-881d-6bfded3f0b66,5b0fa12a-3dd7-45bb-9766-cc326314d9f1,602.2574380000005,0.0032450251459152,5.388103062191269e-06,42.5,0.0,10.0,0.0071099795760416,0.0,0.00167286828,0.0087828478560416,0.0,United States,USA,,,,Windows-10-10.0.26100-SP0,3.10.0,3.0.8,28,Intel(R) Core(TM) i7-14700,1,1 x GeForce GT 610,,,63.69175338745117,process,N,1.0,0.0
2025-12-08T22:22:59,chatservice-conversation,0d5b559a-ef3f-4c0f-881d-6bfded3f0b66,5b0fa12a-3dd7-45bb-9766-cc326314d9f1,638.0703278000001,0.0034379822475136,5.388092969888486e-06,42.5,0.0,10.0,0.0075327684934721,0.0,0.0017723288952778,0.0093050973887499,0.0,United States,USA,,,,Windows-10-10.0.26100-SP0,3.10.0,3.0.8,28,Intel(R) Core(TM) i7-14700,1,1 x GeForce GT 610,,,63.69175338745117,process,N,1.0,0.0
2025-12-08T22:24:23,chatservice-conversation,f4b92c82-9bba-4e4a-9c6f-0ef51d7539a5,5b0fa12a-3dd7-45bb-9766-cc326314d9f1,2.292106500004593,1.2343686381441506e-05,5.385302289146151e-06,42.5,0.0,10.0,2.705861076395498e-05,0.0,6.350288888906006e-06,3.3408899652860987e-05,0.0,United States,USA,,,,Windows-10-10.0.26100-SP0,3.10.0,3.0.8,28,Intel(R) Core(TM) i7-14700,1,1 x GeForce GT 610,,,63.69175338745117,process,N,1.0,0.0
2025-12-08T22:25:21,chatservice-conversation,f4b92c82-9bba-4e4a-9c6f-0ef51d7539a5,5b0fa12a-3dd7-45bb-9766-cc326314d9f1,60.43102740000177,0.0003255963833163,5.38790084042725e-06,42.5,0.0,10.0,0.0007134197191667,0.0,0.0001678256852778,0.0008812454044445,0.0,United States,USA,,,,Windows-10-10.0.26100-SP0,3.10.0,3.0.8,28,Intel(R) Core(TM) i7-14700,1,1 x GeForce GT 610,,,63.69175338745117,process,N,1.0,0.0
2025-12-08T22:25:35,chatservice-conversation,f4b92c82-9bba-4e4a-9c6f-0ef51d7539a5,5b0fa12a-3dd7-45bb-9766-cc326314d9f1,74.1984478000013,0.0003997639046569,5.387766409002382e-06,42.5,0.0,10.0,0.0008759490951389,0.0,0.0002060349866666,0.0010819840818056,0.0,United States,USA,,,,Windows-10-10.0.26100-SP0,3.10.0,3.0.8,28,Intel(R) Core(TM) i7-14700,1,1 x GeForce GT 610,,,63.69175338745117,process,N,1.0,0.0
2025-12-08T22:27:01,chatservice-conversation,f4b92c82-9bba-4e4a-9c6f-0ef51d7539a5,5b0fa12a-3dd7-45bb-9766-cc326314d9f1,159.99486760000582,0.0008620415376008,5.387932441407809e-06,42.5,0.0,10.0,0.001888822686875,0.0,0.0004443424905555,0.0023331651774306,0.0,United States,USA,,,,Windows-10-10.0.26100-SP0,3.10.0,3.0.8,28,Intel(R) Core(TM) i7-14700,1,1 x GeForce GT 610,,,63.69175338745117,process,N,1.0,0.0
2025-12-08T22:27:17,chatservice-conversation,f4b92c82-9bba-4e4a-9c6f-0ef51d7539a5,5b0fa12a-3dd7-45bb-9766-cc326314d9f1,176.7401847000001,0.0009522615337961,5.387917498290291e-06,42.5,0.0,10.0,0.0020865094889583,0.0,0.0004908413155555,0.0025773508045139,0.0,United States,USA,,,,Windows-10-10.0.26100-SP0,3.10.0,3.0.8,28,Intel(R) Core(TM) i7-14700,1,1 x GeForce GT 610,,,63.69175338745117,process,N,1.0,0.0
2025-12-08T22:27:34,chatservice-conversation,f4b92c82-9bba-4e4a-9c6f-0ef51d7539a5,5b0fa12a-3dd7-45bb-9766-cc326314d9f1,193.76197810000303,0.0010439711801618,5.3879052557105884e-06,42.5,0.0,10.0,0.0022874603099306,0.0,0.0005381079458333,0.0028255682557639,0.0,United States,USA,,,,Windows-10-10.0.26100-SP0,3.10.0,3.0.8,28,Intel(R) Core(TM) i7-14700,1,1 x GeForce GT 610,,,63.69175338745117,process,N,1.0,0.0
2025-12-08T22:31:38,chatservice-conversation,606fada1-f00e-42a9-aa1a-dcd5fcbd2403,5b0fa12a-3dd7-45bb-9766-cc326314d9f1,2.661084599996684,1.4331773820142972e-05,5.385688910514468e-06,42.5,0.0,10.0,3.141457861107584e-05,0.0,7.375194444446405e-06,3.878977305552225e-05,0.0,United States,USA,,,,Windows-10-10.0.26100-SP0,3.10.0,3.0.8,28,Intel(R) Core(TM) i7-14700,1,1 x GeForce GT 610,,,63.69175338745117,process,N,1.0,0.0
2025-12-08T22:32:36,chatservice-conversation,50f59265-d60e-4d1b-b8c4-44d6e9812002,5b0fa12a-3dd7-45bb-9766-cc326314d9f1,2.6036848000003374,1.4022374692471735e-05,5.385588413954684e-06,42.5,0.0,10.0,3.073692201391572e-05,0.0,7.215444444449936e-06,3.795236645836566e-05,0.0,United States,USA,,,,Windows-10-10.0.26100-SP0,3.10.0,3.0.8,28,Intel(R) Core(TM) i7-14700,1,1 x GeForce GT 610,,,63.69175338745117,process,N,1.0,0.0
2025-12-08T22:35:09,chatservice-conversation,1ff459e7-a47f-4d94-9325-a9fdd6c270d3,5b0fa12a-3dd7-45bb-9766-cc326314d9f1,4.927261700002418,2.654161781192608e-05,5.386687257125605e-06,42.5,0.0,10.0,5.8167998055559016e-05,0.0,1.3668422500005464e-05,7.183642055556448e-05,0.0,United States,USA,,,,Windows-10-10.0.26100-SP0,3.10.0,3.0.8,28,Intel(R) Core(TM) i7-14700,1,1 x GeForce GT 610,,,63.69175338745117,process,N,1.0,0.0
2025-12-08T22:35:50,chatservice-conversation,1ff459e7-a47f-4d94-9325-a9fdd6c270d3,5b0fa12a-3dd7-45bb-9766-cc326314d9f1,46.04055170000356,0.0002480593659463,5.3878452100820044e-06,42.5,0.0,10.0,0.0005435323335416,0.0,0.0001278546580555,0.0006713869915972,0.0,United States,USA,,,,Windows-10-10.0.26100-SP0,3.10.0,3.0.8,28,Intel(R) Core(TM) i7-14700,1,1 x GeForce GT 610,,,63.69175338745117,process,N,1.0,0.0
2025-12-08T22:36:43,chatservice-conversation,36d399ec-bda1-4a98-b497-e424d368ad33,5b0fa12a-3dd7-45bb-9766-cc326314d9f1,4.454169299999194,2.399209121024165e-05,5.386434505362424e-06,42.5,0.0,10.0,5.258247687499231e-05,0.0,1.2353502777760795e-05,6.493597965275311e-05,0.0,United States,USA,,,,Windows-10-10.0.26100-SP0,3.10.0,3.0.8,28,Intel(R) Core(TM) i7-14700,1,1 x GeForce GT 610,,,63.69175338745117,process,N,1.0,0.0
2025-12-08T22:37:23,chatservice-conversation,36d399ec-bda1-4a98-b497-e424d368ad33,5b0fa12a-3dd7-45bb-9766-cc326314d9f1,43.65780699999596,0.0002352207798978,5.387828570910728e-06,42.5,0.0,10.0,0.0005154023721527,0.0,0.0001212362452777,0.0006366386174304,0.0,United States,USA,,,,Windows-10-10.0.26100-SP0,3.10.0,3.0.8,28,Intel(R) Core(TM) i7-14700,1,1 x GeForce GT 610,,,63.69175338745117,process,N,1.0,0.0
2025-12-08T22:37:39,chatservice-conversation,36d399ec-bda1-4a98-b497-e424d368ad33,5b0fa12a-3dd7-45bb-9766-cc326314d9f1,59.751014899993606,0.0003219268719781,5.387805922911092e-06,42.5,0.0,10.0,0.0007053906368749,0.0,0.0001659230233333,0.0008713136602082,0.0,United States,USA,,,,Windows-10-10.0.26100-SP0,3.10.0,3.0.8,28,Intel(R) Core(TM) i7-14700,1,1 x GeForce GT 610,,,63.69175338745117,process,N,1.0,0.0
2025-12-08T22:37:57,chatservice-conversation,36d399ec-bda1-4a98-b497-e424d368ad33,5b0fa12a-3dd7-45bb-9766-cc326314d9f1,77.78455109999777,0.0004190876713365,5.387800860325139e-06,42.5,0.0,10.0,0.0009182856613888,0.0,0.0002159993102777,0.0011342849716665,0.0,United States,USA,,,,Windows-10-10.0.26100-SP0,3.10.0,3.0.8,28,Intel(R) Core(TM) i7-14700,1,1 x GeForce GT 610,,,63.69175338745117,process,N,1.0,0.0
2025-12-08T22:38:08,chatservice-conversation,36d399ec-bda1-4a98-b497-e424d368ad33,5b0fa12a-3dd7-45bb-9766-cc326314d9f1,88.99066469999525,0.0004794588670569,5.38774340739313e-06,42.5,0.0,10.0,0.0010505788527082,0.0,0.0002471042447222,0.0012976830974304,0.0,United States,USA,,,,Windows-10-10.0.26100-SP0,3.10.0,3.0.8,28,Intel(R) Core(TM) i7-14700,1,1 x GeForce GT 610,,,63.69175338745117,process,N,1.0,0.0
2025-12-08T22:40:15,chatservice-conversation,dded3cad-6e6e-4725-8983-56d44f9c7c67,5b0fa12a-3dd7-45bb-9766-cc326314d9f1,5.913416100003815,3.1854764172097315e-05,5.386863300906014e-06,42.5,0.0,10.0,6.98099534028087e-05,0.0,1.640680444444216e-05,8.621675784725086e-05,0.0,United States,USA,,,,Windows-10-10.0.26100-SP0,3.10.0,3.0.8,28,Intel(R) Core(TM) i7-14700,1,1 x GeForce GT 610,,,63.69175338745117,process,N,1.0,0.0
2025-12-08T22:40:35,chatservice-conversation,dded3cad-6e6e-4725-8983-56d44f9c7c67,5b0fa12a-3dd7-45bb-9766-cc326314d9f1,25.902964100001554,0.0001395543502142,5.3875822734207885e-06,42.5,0.0,10.0,0.0003057968381944,0.0,7.191506555554952e-05,0.0003777119037499,0.0,United States,USA,,,,Windows-10-10.0.26100-SP0,3.10.0,3.0.8,28,Intel(R) Core(TM) i7-14700,1,1 x GeForce GT 610,,,63.69175338745117,process,N,1.0,0.0
2025-12-08T22:42:25,chatservice-conversation,6c1cf90a-ffee-44f0-ab2b-391a9b28bb66,5b0fa12a-3dd7-45bb-9766-cc326314d9f1,3.3473317000025418,1.802838684957613e-05,5.385897922683444e-06,42.5,0.0,10.0,3.951567597223908e-05,0.0,9.279193611130016e-06,4.879486958336909e-05,0.0,United States,USA,,,,Windows-10-10.0.26100-SP0,3.10.0,3.0.8,28,Intel(R) Core(TM) i7-14700,1,1 x GeForce GT 610,,,63.69175338745117,process,N,1.0,0.0
2025-12-08T22:53:28,chatservice-conversation,ae82e603-15f1-4446-8680-8bfb5893e885,5b0fa12a-3dd7-45bb-9766-cc326314d9f1,3.498316799996246,1.8842310826499623e-05,5.3861076351117895e-06,42.5,0.0,10.0,4.12984376388724e-05,0.0,9.69936416667123e-06,5.099780180554363e-05,0.0,United States,USA,,,,Windows-10-10.0.26100-SP0,3.10.0,3.0.8,28,Intel(R) Core(TM) i7-14700,1,1 x GeForce GT 610,,,63.69175338745117,process,N,1.0,0.0
2025-12-08T22:55:28,chatservice-conversation,b8f48b99-87ee-49f2-9c09-8926df30d45f,5b0fa12a-3dd7-45bb-9766-cc326314d9f1,2.884259600003133,1.553405725619674e-05,5.385804126708935e-06,42.5,0.0,10.0,3.404913118055346e-05,0.0,7.994691388881215e-06,4.204382256943468e-05,0.0,United States,USA,,,,Windows-10-10.0.26100-SP0,3.10.0,3.0.8,28,Intel(R) Core(TM) i7-14700,1,1 x GeForce GT 610,,,63.69175338745117,process,N,1.0,0.0
2025-12-09T03:38:59,chatservice-conversation,5a874d32-7cad-4b0b-9187-5d69a1fd2c52,5b0fa12a-3dd7-45bb-9766-cc326314d9f1,4.182343699999819,2.252371709130905e-05,5.3854294880906185e-06,42.5,0.0,10.0,4.937332312499968e-05,0.0,1.1588417222222032e-05,6.0961740347221714e-05,0.0,United States,USA,,,,Windows-10-10.0.26100-SP0,3.10.0,3.0.8,28,Intel(R) Core(TM) i7-14700,1,1 x GeForce GT 610,,,63.69175338745117,process,N,1.0,0.0
2025-12-09T03:39:53,chatservice-conversation,5a874d32-7cad-4b0b-9187-5d69a1fd2c52,5b0fa12a-3dd7-45bb-9766-cc326314d9f1,57.50689769999963,0.0003098372761044,5.387828043182624e-06,42.5,0.0,10.0,0.0006788980564583,0.0,0.0001596944147222,0.0008385924711805,0.0,United States,USA,,,,Windows-10-10.0.26100-SP0,3.10.0,3.0.8,28,Intel(R) Core(TM) i7-14700,1,1 x GeForce GT 610,,,63.69175338745117,process,N,1.0,0.0
2025-12-09T03:44:52,chatservice-conversation,f3163e89-1714-4119-b3f3-6aae62e15928,5b0fa12a-3dd7-45bb-9766-cc326314d9f1,4.40294300000005,2.37147956684995e-05,5.386123706007375e-06,42.5,0.0,10.0,5.197802298611344e-05,0.0,1.2207440277777298e-05,6.418546326389073e-05,0.0,United States,USA,,,,Windows-10-10.0.26100-SP0,3.10.0,3.0.8,28,Intel(R) Core(TM) i7-14700,1,1 x GeForce GT 610,,,63.69175338745117,process,N,1.0,0.0
2025-12-09T03:45:21,chatservice-conversation,f3163e89-1714-4119-b3f3-6aae62e15928,5b0fa12a-3dd7-45bb-9766-cc326314d9f1,33.04819829999997,0.0001780437094624,5.387395338356463e-06,42.5,0.0,10.0,0.0003901494805555,0.0,9.173609555555485e-05,0.0004818855761111,0.0,United States,USA,,,,Windows-10-10.0.26100-SP0,3.10.0,3.0.8,28,Intel(R) Core(TM) i7-14700,1,1 x GeForce GT 610,,,63.69175338745117,process,N,1.0,0.0
2025-12-09T03:45:34,chatservice-conversation,f3163e89-1714-4119-b3f3-6aae62e15928,5b0fa12a-3dd7-45bb-9766-cc326314d9f1,46.7268911000001,0.0002517340327157,5.387348201211492e-06,42.5,0.0,10.0,0.0005516325915277,0.0,0.0001297000977777,0.0006813326893055,0.0,United States,USA,,,,Windows-10-10.0.26100-SP0,3.10.0,3.0.8,28,Intel(R) Core(TM) i7-14700,1,1 x GeForce GT 610,,,63.69175338745117,process,N,1.0,0.0
2025-12-09T03:46:07,chatservice-conversation,f3163e89-1714-4119-b3f3-6aae62e15928,5b0fa12a-3dd7-45bb-9766-cc326314d9f1,79.29382530000021,0.0004271874355074,5.387398500339475e-06,42.5,0.0,10.0,0.0009361007181249,0.0,0.0002201067327777,0.0011562074509027,0.0,United States,USA,,,,Windows-10-10.0.26100-SP0,3.10.0,3.0.8,28,Intel(R) Core(TM) i7-14700,1,1 x GeForce GT 610,,,63.69175338745117,process,N,1.0,0.0
2025-12-09T03:46:16,chatservice-conversation,f3163e89-1714-4119-b3f3-6aae62e15928,5b0fa12a-3dd7-45bb-9766-cc326314d9f1,87.77974649999987,0.0004728905034028,5.38723933775379e-06,42.5,0.0,10.0,0.0010362786545833,0.0,0.0002436267874999,0.0012799054420833,0.0,United States,USA,,,,Windows-10-10.0.26100-SP0,3.10.0,3.0.8,28,Intel(R) Core(TM) i7-14700,1,1 x GeForce GT 610,,,63.69175338745117,process,N,1.0,0.0
2025-12-09T03:46:45,chatservice-conversation,f3163e89-1714-4119-b3f3-6aae62e15928,5b0fa12a-3dd7-45bb-9766-cc326314d9f1,117.09823020000022,0.0006308563272637,5.387411288678874e-06,42.5,0.0,10.0,0.0013823988741666,0.0,0.0003250501877777,0.0017074490619444,0.0,United States,USA,,,,Windows-10-10.0.26100-SP0,3.10.0,3.0.8,28,Intel(R) Core(TM) i7-14700,1,1 x GeForce GT 610,,,63.69175338745117,process,N,1.0,0.0
2025-12-09T03:47:32,chatservice-conversation,f3163e89-1714-4119-b3f3-6aae62e15928,5b0fa12a-3dd7-45bb-9766-cc326314d9f1,164.39854659999992,0.000885711686075,5.387588299244753e-06,42.5,0.0,10.0,0.0019408045124305,0.0,0.0004564252880555,0.0023972298004861,0.0,United States,USA,,,,Windows-10-10.0.26100-SP0,3.10.0,3.0.8,28,Intel(R) Core(TM) i7-14700,1,1 x GeForce GT 610,,,63.69175338745117,process,N,1.0,0.0
2025-12-09T03:55:45,chatservice-conversation,6bfd776a-3505-4884-b475-b6265be0a787,5b0fa12a-3dd7-45bb-9766-cc326314d9f1,3.044811500000378,1.63838452588325e-05,5.380906259330164e-06,42.5,0.0,10.0,3.594237868055738e-05,0.0,8.401444166666908e-06,4.434382284722429e-05,0.0,United States,USA,,,,Windows-10-10.0.26100-SP0,3.10.0,3.0.8,28,Intel(R) Core(TM) i7-14700,1,1 x GeForce GT 610,,,63.69175338745117,process,N,1.0,0.0
2025-12-09T03:56:47,chatservice-conversation,6bfd776a-3505-4884-b475-b6265be0a787,5b0fa12a-3dd7-45bb-9766-cc326314d9f1,65.58678610000015,0.0003533631211515,5.387718200016892e-06,42.5,0.0,10.0,0.0007742843422222,0.0,0.0001821133408333,0.0009563976830555,0.0,United States,USA,,,,Windows-10-10.0.26100-SP0,3.10.0,3.0.8,28,Intel(R) Core(TM) i7-14700,1,1 x GeForce GT 610,,,63.69175338745117,process,N,1.0,0.0
2025-12-09T03:57:39,chatservice-conversation,f5564038-fe9a-4b88-9bed-fbf44d309d6e,5b0fa12a-3dd7-45bb-9766-cc326314d9f1,3.7427342000000863,2.016052085510585e-05,5.386575636363756e-06,42.5,0.0,10.0,4.4184024722220747e-05,0.0,1.0381588611110398e-05,5.456561333333115e-05,0.0,United States,USA,,,,Windows-10-10.0.26100-SP0,3.10.0,3.0.8,28,Intel(R) Core(TM) i7-14700,1,1 x GeForce GT 610,,,63.69175338745117,process,N,1.0,0.0
2025-12-09T03:58:57,chatservice-conversation,4e77203b-4f0b-41fb-baa0-aaccb5bcd0a1,5b0fa12a-3dd7-45bb-9766-cc326314d9f1,2.253010400000221,1.2131866689460631e-05,5.3847362131392914e-06,42.5,0.0,10.0,2.659695215277952e-05,0.0,6.238645277778687e-06,3.2835597430558204e-05,0.0,United States,USA,,,,Windows-10-10.0.26100-SP0,3.10.0,3.0.8,28,Intel(R) Core(TM) i7-14700,1,1 x GeForce GT 610,,,63.69175338745117,process,N,1.0,0.0
2025-12-09T03:59:54,chatservice-conversation,e87bdc09-cc4f-485b-a133-6eda5caaf7c3,5b0fa12a-3dd7-45bb-9766-cc326314d9f1,2.9751743000001625,1.600761459766207e-05,5.380395561248696e-06,42.5,0.0,10.0,3.511151784722321e-05,0.0,8.214014999999916e-06,4.332553284722313e-05,0.0,United States,USA,,,,Windows-10-10.0.26100-SP0,3.10.0,3.0.8,28,Intel(R) Core(TM) i7-14700,1,1 x GeForce GT 610,,,63.69175338745117,process,N,1.0,0.0
2025-12-09T04:01:06,chatservice-conversation,e87bdc09-cc4f-485b-a133-6eda5caaf7c3,5b0fa12a-3dd7-45bb-9766-cc326314d9f1,75.41809280000007,0.000406326862844,5.387657626421513e-06,42.5,0.0,10.0,0.0008903389930555,0.0,0.0002094081138888,0.0010997471069444,0.0,United States,USA,,,,Windows-10-10.0.26100-SP0,3.10.0,3.0.8,28,Intel(R) Core(TM) i7-14700,1,1 x GeForce GT 610,,,63.69175338745117,process,N,1.0,0.0
2025-12-09T04:12:42,chatservice-conversation,11e80656-dfca-4dde-ad09-611ede6517a9,5b0fa12a-3dd7-45bb-9766-cc326314d9f1,2.88503320000018,1.5538556795896667e-05,5.38591957828967e-06,42.5,0.0,10.0,3.405840916667242e-05,0.0,7.997591666667683e-06,4.20560008333401e-05,0.0,United States,USA,,,,Windows-10-10.0.26100-SP0,3.10.0,3.0.8,28,Intel(R) Core(TM) i7-14700,1,1 x GeForce GT 610,,,63.69175338745117,process,N,1.0,0.0
2025-12-09T04:13:50,chatservice-conversation,51aa3212-9463-487c-966c-6f4a0a1fe192,5b0fa12a-3dd7-45bb-9766-cc326314d9f1,2.5908220999999685,1.394686613689781e-05,5.383181707805402e-06,42.5,0.0,10.0,3.058412625000339e-05,0.0,7.163871944446025e-06,3.7747998194449416e-05,0.0,United States,USA,,,,Windows-10-10.0.26100-SP0,3.10.0,3.0.8,28,Intel(R) Core(TM) i7-14700,1,1 x GeForce GT 610,,,63.69175338745117,process,N,1.0,0.0
2025-12-09T04:14:06,chatservice-conversation,51aa3212-9463-487c-966c-6f4a0a1fe192,5b0fa12a-3dd7-45bb-9766-cc326314d9f1,18.42654910000056,9.924786181456256e-05,5.386133956822093e-06,42.5,0.0,10.0,0.0002175305514583,0.0,5.10895150000023e-05,0.0002686200664583,0.0,United States,USA,,,,Windows-10-10.0.26100-SP0,3.10.0,3.0.8,28,Intel(R) Core(TM) i7-14700,1,1 x GeForce GT 610,,,63.69175338745117,process,N,1.0,0.0
2025-12-09T04:14:26,chatservice-conversation,51aa3212-9463-487c-966c-6f4a0a1fe192,5b0fa12a-3dd7-45bb-9766-cc326314d9f1,38.09392130000015,0.0002052007504709,5.386705896064634e-06,42.5,0.0,10.0,0.0004497121172916,0.0,0.0001056755577777,0.0005553876750694,0.0,United States,USA,,,,Windows-10-10.0.26100-SP0,3.10.0,3.0.8,28,Intel(R) Core(TM) i7-14700,1,1 x GeForce GT 610,,,63.69175338745117,process,N,1.0,0.0
2025-12-09T04:14:46,chatservice-conversation,51aa3212-9463-487c-966c-6f4a0a1fe192,5b0fa12a-3dd7-45bb-9766-cc326314d9f1,58.24654999999984,0.0003137701957002,5.386931856054088e-06,42.5,0.0,10.0,0.0006876235709027,0.0,0.0001616135741666,0.0008492371450694,0.0,United States,USA,,,,Windows-10-10.0.26100-SP0,3.10.0,3.0.8,28,Intel(R) Core(TM) i7-14700,1,1 x GeForce GT 610,,,63.69175338745117,process,N,1.0,0.0
2025-12-09T04:27:41,chatservice-conversation,7eaec376-7c0b-4d39-9b39-1b1755029d92,5b0fa12a-3dd7-45bb-9766-cc326314d9f1,8.00987830000031,4.3152441495818165e-05,5.3874028892319744e-06,42.5,0.0,10.0,9.455997833333264e-05,0.0,2.2234595277778785e-05,0.0001167945736111,0.0,United States,USA,,,,Windows-10-10.0.26100-SP0,3.10.0,3.0.8,28,Intel(R) Core(TM) i7-14700,1,1 x GeForce GT 610,,,63.69175338745117,process,N,1.0,0.0
2025-12-09T04:28:47,chatservice-conversation,7eaec376-7c0b-4d39-9b39-1b1755029d92,5b0fa12a-3dd7-45bb-9766-cc326314d9f1,73.85615229999985,0.0003979285338538,5.387886065841192e-06,42.5,0.0,10.0,0.0008719090675694,0.0,0.0002051074772222,0.0010770165447916,0.0,United States,USA,,,,Windows-10-10.0.26100-SP0,3.10.0,3.0.8,28,Intel(R) Core(TM) i7-14700,1,1 x GeForce GT 610,,,63.69175338745117,process,N,1.0,0.0
2025-12-09T04:37:03,chatservice-conversation,a934db69-70d3-4b97-801f-402b927c1e58,5b0fa12a-3dd7-45bb-9766-cc326314d9f1,2.8947699999998804,1.5580930397031434e-05,5.382441574643954e-06,42.5,0.0,10.0,3.417246381944905e-05,0.0,7.99822361111132e-06,4.2170687430560376e-05,0.0,United States,USA,,,,Windows-10-10.0.26100-SP0,3.10.0,3.0.8,28,Intel(R) Core(TM) i7-14700,1,1 x GeForce GT 610,,,63.69175338745117,process,N,1.0,0.0
2025-12-09T04:41:57,chatservice-conversation,d45767db-5e6c-4764-99f1-6dbc25051e9a,5b0fa12a-3dd7-45bb-9766-cc326314d9f1,3.3322196999997686,1.79473307595359e-05,5.3859986361454935e-06,42.5,0.0,10.0,3.9337592708334215e-05,0.0,9.237893888889124e-06,4.857548659722334e-05,0.0,United States,USA,,,,Windows-10-10.0.26100-SP0,3.10.0,3.0.8,28,Intel(R) Core(TM) i7-14700,1,1 x GeForce GT 610,,,63.69175338745117,process,N,1.0,0.0
2025-12-09T04:42:55,chatservice-conversation,93cb8345-2420-47bd-94d4-12abf59a5c7d,5b0fa12a-3dd7-45bb-9766-cc326314d9f1,3.462122300000374,1.864603935378959e-05,5.385725210743588e-06,42.5,0.0,10.0,4.087094784722973e-05,0.0,9.595633888890612e-06,5.0466581736120336e-05,0.0,United States,USA,,,,Windows-10-10.0.26100-SP0,3.10.0,3.0.8,28,Intel(R) Core(TM) i7-14700,1,1 x GeForce GT 610,,,63.69175338745117,process,N,1.0,0.0
2025-12-09T04:43:06,chatservice-conversation,93cb8345-2420-47bd-94d4-12abf59a5c7d,5b0fa12a-3dd7-45bb-9766-cc326314d9f1,14.30328500000087,7.704783391198823e-05,5.386722973917079e-06,42.5,0.0,10.0,0.0001688554395833,0.0,3.967897000000246e-05,0.0002085344095833,0.0,United States,USA,,,,Windows-10-10.0.26100-SP0,3.10.0,3.0.8,28,Intel(R) Core(TM) i7-14700,1,1 x GeForce GT 610,,,63.69175338745117,process,N,1.0,0.0
2025-12-09T04:43:19,chatservice-conversation,93cb8345-2420-47bd-94d4-12abf59a5c7d,5b0fa12a-3dd7-45bb-9766-cc326314d9f1,27.045621100000066,0.0001456879559898,5.3867483926960966e-06,42.5,0.0,10.0,0.0003192834056944,0.0,7.50294561111155e-05,0.0003943128618055,0.0,United States,USA,,,,Windows-10-10.0.26100-SP0,3.10.0,3.0.8,28,Intel(R) Core(TM) i7-14700,1,1 x GeForce GT 610,,,63.69175338745117,process,N,1.0,0.0
2025-12-09T04:43:36,chatservice-conversation,93cb8345-2420-47bd-94d4-12abf59a5c7d,5b0fa12a-3dd7-45bb-9766-cc326314d9f1,44.83766680000008,0.0002415332096305,5.386837158765598e-06,42.5,0.0,10.0,0.0005293253934027,0.0,0.0001243981794444,0.0006537235728472,0.0,United States,USA,,,,Windows-10-10.0.26100-SP0,3.10.0,3.0.8,28,Intel(R) Core(TM) i7-14700,1,1 x GeForce GT 610,,,63.69175338745117,process,N,1.0,0.0
2025-12-09T06:17:29,chatservice-conversation,d5e1cd1e-32a5-4d3b-88a9-941dc3a11fe7,5b0fa12a-3dd7-45bb-9766-cc326314d9f1,3.390183800000159,1.825971392052232e-05,5.386054266592113e-06,42.5,0.0,10.0,4.002181909722696e-05,0.0,9.399150555555023e-06,4.942096965278198e-05,0.0,United States,USA,,,,Windows-10-10.0.26100-SP0,3.10.0,3.0.8,28,Intel(R) Core(TM) i7-14700,1,1 x GeForce GT 610,,,63.69175338745117,process,N,1.0,0.0
2025-12-09T06:28:45,chatservice-conversation,86704af0-78a9-4e34-80c6-b6f1eacfe0ac,5b0fa12a-3dd7-45bb-9766-cc326314d9f1,9.090744799999811,4.897491290357564e-05,5.3873377793617805e-06,42.5,0.0,10.0,0.0001073202102083,0.0,2.523321833333385e-05,0.0001325534285416,0.0,United States,USA,,,,Windows-10-10.0.26100-SP0,3.10.0,3.0.8,28,Intel(R) Core(TM) i7-14700,1,1 x GeForce GT 610,,,63.69175338745117,process,N,1.0,0.0
2025-12-09T06:39:55,chatservice-conversation,4651e2be-7d8c-426d-8d99-acf51f2643f0,5b0fa12a-3dd7-45bb-9766-cc326314d9f1,3.7122901000002457,1.999592799741096e-05,5.386413092395349e-06,42.5,0.0,10.0,4.38244688194522e-05,0.0,1.0295664444442484e-05,5.412013326389469e-05,0.0,United States,USA,,,,Windows-10-10.0.26100-SP0,3.10.0,3.0.8,28,Intel(R) Core(TM) i7-14700,1,1 x GeForce GT 610,,,63.69175338745117,process,N,1.0,0.0
2025-12-09T06:41:01,chatservice-conversation,4651e2be-7d8c-426d-8d99-acf51f2643f0,5b0fa12a-3dd7-45bb-9766-cc326314d9f1,69.68311779999931,0.0003754502419027,5.387965604241733e-06,42.5,0.0,10.0,0.0008226458324305,0.0,0.0001935319177777,0.0010161777502083,0.0,United States,USA,,,,Windows-10-10.0.26100-SP0,3.10.0,3.0.8,28,Intel(R) Core(TM) i7-14700,1,1 x GeForce GT 610,,,63.69175338745117,process,N,1.0,0.0
2025-12-09T06:43:54,chatservice-conversation,c5ea52bd-83cb-46c4-85f9-36c4058d7b31,5b0fa12a-3dd7-45bb-9766-cc326314d9f1,12.782226600000286,6.88654541158829e-05,5.387594530352119e-06,42.5,0.0,10.0,0.0001509001694444,0.0,3.548815694444379e-05,0.0001863883263888,0.0,United States,USA,,,,Windows-10-10.0.26100-SP0,3.10.0,3.0.8,28,Intel(R) Core(TM) i7-14700,1,1 x GeForce GT 610,,,63.69175338745117,process,N,1.0,0.0
2025-12-09T06:54:58,chatservice-conversation,2ed0cb10-9fec-4733-947a-543af6bd09d9,5b0fa12a-3dd7-45bb-9766-cc326314d9f1,6.998367400001371,3.769628994390047e-05,5.386440549533464e-06,42.5,0.0,10.0,8.261737090277721e-05,0.0,1.9409813611112744e-05,0.0001020271845138,0.0,United States,USA,,,,Windows-10-10.0.26100-SP0,3.10.0,3.0.8,28,Intel(R) Core(TM) i7-14700,1,1 x GeForce GT 610,,,63.69175338745117,process,N,1.0,0.0
2025-12-09T06:55:36,chatservice-conversation,2ed0cb10-9fec-4733-947a-543af6bd09d9,5b0fa12a-3dd7-45bb-9766-cc326314d9f1,44.89996730000166,0.0002419094598943,5.387742451525851e-06,42.5,0.0,10.0,0.0005300659181249,0.0,0.0001246759977777,0.0006547419159027,0.0,United States,USA,,,,Windows-10-10.0.26100-SP0,3.10.0,3.0.8,28,Intel(R) Core(TM) i7-14700,1,1 x GeForce GT 610,,,63.69175338745117,process,N,1.0,0.0
2025-12-09T06:56:12,chatservice-conversation,2ed0cb10-9fec-4733-947a-543af6bd09d9,5b0fa12a-3dd7-45bb-9766-cc326314d9f1,80.5661850000015,0.0004340773886402,5.387835959221497e-06,42.5,0.0,10.0,0.0009511245909027,0.0,0.0002237309158333,0.001174855506736,0.0,United States,USA,,,,Windows-10-10.0.26100-SP0,3.10.0,3.0.8,28,Intel(R) Core(TM) i7-14700,1,1 x GeForce GT 610,,,63.69175338745117,process,N,1.0,0.0
2025-12-09T07:00:02,chatservice-conversation,3b42af23-0219-4f0e-b6ba-93923b3c977f,5b0fa12a-3dd7-45bb-9766-cc326314d9f1,5.461846099999093,2.941749673291907e-05,5.385998835251685e-06,42.5,0.0,10.0,6.447787506943996e-05,0.0,1.5142277777775032e-05,7.9620152847215e-05,0.0,United States,USA,,,,Windows-10-10.0.26100-SP0,3.10.0,3.0.8,28,Intel(R) Core(TM) i7-14700,1,1 x GeForce GT 610,,,63.69175338745117,process,N,1.0,0.0
2025-12-09T07:00:35,chatservice-conversation,3b42af23-0219-4f0e-b6ba-93923b3c977f,5b0fa12a-3dd7-45bb-9766-cc326314d9f1,39.17065240000011,0.0002110291693163,5.38743054778317e-06,42.5,0.0,10.0,0.0004624272873611,0.0,0.0001087353397222,0.0005711626270833,0.0,United States,USA,,,,Windows-10-10.0.26100-SP0,3.10.0,3.0.8,28,Intel(R) Core(TM) i7-14700,1,1 x GeForce GT 610,,,63.69175338745117,process,N,1.0,0.0
2025-12-09T07:09:39,chatservice-conversation,12d1e04f-7105-43e0-95a7-1c78ba46edaa,5b0fa12a-3dd7-45bb-9766-cc326314d9f1,13.174991599998975,7.098240514164131e-05,5.387662269298663e-06,42.5,0.0,10.0,0.0001555369076388,0.0,3.658106888888647e-05,0.0001921179765277,0.0,United States,USA,,,,Windows-10-10.0.26100-SP0,3.10.0,3.0.8,28,Intel(R) Core(TM) i7-14700,1,1 x GeForce GT 610,,,63.69175338745117,process,N,1.0,0.0
2025-12-09T07:14:13,chatservice-conversation,2b569b1e-e3aa-4bc7-a8fc-3897cda52dc0,5b0fa12a-3dd7-45bb-9766-cc326314d9f1,8.335579900000084,4.4906729062916585e-05,5.387355121257506e-06,42.5,0.0,10.0,9.84051374999884e-05,0.0,2.313751666666677e-05,0.0001215426541666,0.0,United States,USA,,,,Windows-10-10.0.26100-SP0,3.10.0,3.0.8,28,Intel(R) Core(TM) i7-14700,1,1 x GeForce GT 610,,,63.69175338745117,process,N,1.0,0.0
2025-12-09T07:14:39,chatservice-conversation,2b569b1e-e3aa-4bc7-a8fc-3897cda52dc0,5b0fa12a-3dd7-45bb-9766-cc326314d9f1,33.600069399999484,0.0001810278671158,5.387723012139911e-06,42.5,0.0,10.0,0.0003966655085416,0.0,9.329686250000324e-05,0.0004899623710416,0.0,United States,USA,,,,Windows-10-10.0.26100-SP0,3.10.0,3.0.8,28,Intel(R) Core(TM) i7-14700,1,1 x GeForce GT 610,,,63.69175338745117,process,N,1.0,0.0
2025-12-09T07:26:46,chatservice-conversation,2b569b1e-e3aa-4bc7-a8fc-3897cda52dc0,5b0fa12a-3dd7-45bb-9766-cc326314d9f1,761.3778964000012,0.0041023957798586,5.388120405459514e-06,42.5,0.0,10.0,0.0089884858636805,0.0,0.0021148850994444,0.011103370963125,0.0,United States,USA,,,,Windows-10-10.0.26100-SP0,3.10.0,3.0.8,28,Intel(R) Core(TM) i7-14700,1,1 x GeForce GT 610,,,63.69175338745117,process,N,1.0,0.0
2025-12-09T07:27:18,chatservice-conversation,2b569b1e-e3aa-4bc7-a8fc-3897cda52dc0,5b0fa12a-3dd7-45bb-9766-cc326314d9f1,793.0452974,0.004273017964145,5.388113362697104e-06,42.5,0.0,10.0,0.0093623361904861,0.0,0.0022028335625,0.0115651697529861,0.0,United States,USA,,,,Windows-10-10.0.26100-SP0,3.10.0,3.0.8,28,Intel(R) Core(TM) i7-14700,1,1 x GeForce GT 610,,,63.69175338745117,process,N,1.0,0.0
2025-12-09T07:48:07,chatservice-conversation,9ac477a3-7688-4ff0-8e40-80ee04af0714,5b0fa12a-3dd7-45bb-9766-cc326314d9f1,18.934516900000744,0.0001019996041963,5.38696628675938e-06,42.5,0.0,10.0,0.0002235295846528,0.0,5.253823138889655e-05,0.0002760678160417,0.0,United States,USA,,,,Windows-10-10.0.26100-SP0,3.10.0,3.0.8,28,Intel(R) Core(TM) i7-14700,1,1 x GeForce GT 610,,,63.69175338745117,process,N,1.0,0.0
2025-12-09T07:50:57,chatservice-conversation,b92885f1-6dfd-4bdf-8844-c0c60a036203,5b0fa12a-3dd7-45bb-9766-cc326314d9f1,6.672083699999348,3.594293198625528e-05,5.3870625133582775e-06,42.5,0.0,10.0,7.876657694443263e-05,0.0,1.85150430555546e-05,9.728161999998724e-05,0.0,United States,USA,,,,Windows-10-10.0.26100-SP0,3.10.0,3.0.8,28,Intel(R) Core(TM) i7-14700,1,1 x GeForce GT 610,,,63.69175338745117,process,N,1.0,0.0
2025-12-09T07:51:24,chatservice-conversation,b92885f1-6dfd-4bdf-8844-c0c60a036203,5b0fa12a-3dd7-45bb-9766-cc326314d9f1,33.23755919999894,0.0001790746566197,5.387719824498097e-06,42.5,0.0,10.0,0.000392385810486,0.0,9.229008361110876e-05,0.0004846758940971,0.0,United States,USA,,,,Windows-10-10.0.26100-SP0,3.10.0,3.0.8,28,Intel(R) Core(TM) i7-14700,1,1 x GeForce GT 610,,,63.69175338745117,process,N,1.0,0.0
2025-12-09T07:53:09,chatservice-conversation,a83b71ef-9ac7-4bbf-9a45-16fec7c7c166,5b0fa12a-3dd7-45bb-9766-cc326314d9f1,22.865118099998654,0.00012317719972915444,5.387122830087709e-06,42.5,0.0,10.0,0.0002699319806943802,0.0,6.345421999999922e-05,0.00033338620069437943,0.0,United States,USA,,,,Windows-10-10.0.26100-SP0,3.10.0,3.0.8,28,Intel(R) Core(TM) i7-14700,1,1 x GeForce GT 610,,,63.69175338745117,process,N,1.0,0.0
